{
  "categories": {
    "love": [
      "Every moment with you is precious ❤️",
      "You are my sunshine on a cloudy day ☀️",
      "Love is not finding someone to live with, it's finding someone you can't live without 💕",
      "Together is my favorite place to be 💑",
      "You stole my heart but I'll let you keep it 💖"
    ],
    "attitude": [
      "I don't have an attitude problem, you have a perception problem 😎",
      "Be yourself, everyone else is already taken 🔥",
      "I'm not perfect but I'm limited edition 👑",
      "My life, my rules, my attitude 💪",
      "Don't study me, you won't graduate 🎯"
    ],
    "motivation": [
      "Success is not final, failure is not fatal ⭐",
      "Dream big, work hard, stay focused 💯",
      "Believe you can and you're halfway there 🚀",
      "The only way to do great work is to love what you do 🎯",
      "Your limitation is only your imagination 💡"
    ],
    "sad": [
      "Sometimes you have to smile to hide the tears 😢",
      "The worst kind of pain is when you're smiling just to stop the tears 💔",
      "Behind my smile is a broken heart 😞",
      "I'm tired of fighting, for once I want to be fought for 😔",
      "Sometimes silence is the best answer 🤐"
    ],
    "funny": [
      "I'm not lazy, I'm on energy-saving mode 😴",
      "I'm not weird, I'm limited edition 🤪",
      "I need a six-month holiday, twice a year 🏖️",
      "I'm not clumsy, the floor just hates me 😂",
      "I'm not short, I'm concentrated awesome 🤣"
    ],
    "shayari": [
      "दिल की बातें दिल में ही रह जाती हैं 💔",
      "मोहब्बत में हर कोई कामयाब नहीं होता 😢",
      "जिंदगी में कुछ पल बहुत खास होते हैं ✨",
      "तेरी यादों में खो जाना मुझे अच्छा लगता है 💭",
      "दिल टूटा है मगर दर्द बयान नहीं होता 💔"
    ],
    "life": [
      "Life is what happens when you're busy making other plans 🌟",
      "Live the life you love, love the life you live 💫",
      "Life is short, make every moment count ⏰",
      "The best is yet to come 🌈",
      "Life is a journey, not a destination 🛤️"
    ]
  }
}
